{
  "SwatchColumns"            : 6,
  "CameraCacheAlpha"         : 80,
  "PathSave"                 : "",
  "CameraSizeH"              : 0,
  "ShowOrigin"               : 1,
  "ShowGrid"                 : 0,
  "CameraH"                  : 768,
  "ShowShapeBoundingBox"     : 0,
  "ToolMoveCanSelect"        : 1,
  "CameraCacheColor"         : 0,
  "ToolOptions"              : {
      "Color"   : 6401494,
      "Width"   : 5,
      "Style"   : 0,
      "angle"   : 20,
      "distance": 20,
      "Open"    : 1,
      "Alpha"   : 255
    },
  "SwatchName"               : "Tango Icon Theme",
  "HideAncre"                : 0,
  "Theme"                    : "",
  "BankOutputSizeFOrCreation": 128,
  "PanelLayerW"              : 200,
  "Autosave"                 : 1,
  "ToolBarH"                 : 25,
  "ShowCameraBorder"         : 1,
  "Lang"                     : "",
  "BGChecker"                : 0,
  "Beta"                     : 0,
  "CameraSizeW"              : 0,
  "ToolBarVertical"          : 0,
  "ShowOnlySel"              : 0,
  "CameraW"                  : 1024,
  "DebugOn"                  : 0,
  "DocHasChanged"            : 1,
  "CameraX"                  : 0,
  "Zoom"                     : 60,
  "UseHexForPBCode"          : 0,
  "CameraY"                  : 0,
  "WinState"                 : 16777216,
  "Action"                   : 0,
  "ToolOptionsFX"            : {
      "Color"   : 11195903,
      "Width"   : 5,
      "Style"   : 0,
      "angle"   : 0,
      "distance": 0,
      "Open"    : 1,
      "Alpha"   : 255
    },
  "Tool"                     : [
      {
        "SizeH"       : 0,
        "SizeW"       : 0,
        "RotationType": 0,
        "Options"     : {
            "Color"   : 0,
            "Width"   : 0,
            "Style"   : 0,
            "angle"   : 0,
            "distance": 0,
            "Open"    : 0,
            "Alpha"   : 0
          },
        "SizeProp"    : 0,
        "LockX"       : 0,
        "LockY"       : 0,
        "MirorH"      : 0,
        "type"        : 0,
        "MirorV"      : 0,
        "Rotation"    : 0
      },
      {
        "SizeH"       : 0,
        "SizeW"       : 0,
        "RotationType": 0,
        "Options"     : {
            "Color"   : 0,
            "Width"   : 0,
            "Style"   : 0,
            "angle"   : 0,
            "distance": 0,
            "Open"    : 0,
            "Alpha"   : 0
          },
        "SizeProp"    : 0,
        "LockX"       : 0,
        "LockY"       : 0,
        "MirorH"      : 0,
        "type"        : 0,
        "MirorV"      : 0,
        "Rotation"    : 0
      },
      {
        "SizeH"       : 0,
        "SizeW"       : 0,
        "RotationType": 0,
        "Options"     : {
            "Color"   : 0,
            "Width"   : 0,
            "Style"   : 0,
            "angle"   : 0,
            "distance": 0,
            "Open"    : 0,
            "Alpha"   : 0
          },
        "SizeProp"    : 0,
        "LockX"       : 0,
        "LockY"       : 0,
        "MirorH"      : 0,
        "type"        : 0,
        "MirorV"      : 0,
        "Rotation"    : 0
      },
      {
        "SizeH"       : 0,
        "SizeW"       : 0,
        "RotationType": 0,
        "Options"     : {
            "Color"   : 0,
            "Width"   : 0,
            "Style"   : 0,
            "angle"   : 0,
            "distance": 0,
            "Open"    : 0,
            "Alpha"   : 0
          },
        "SizeProp"    : 0,
        "LockX"       : 0,
        "LockY"       : 0,
        "MirorH"      : 0,
        "type"        : 0,
        "MirorV"      : 0,
        "Rotation"    : 0
      },
      {
        "SizeH"       : 0,
        "SizeW"       : 0,
        "RotationType": 0,
        "Options"     : {
            "Color"   : 0,
            "Width"   : 0,
            "Style"   : 0,
            "angle"   : 0,
            "distance": 0,
            "Open"    : 0,
            "Alpha"   : 0
          },
        "SizeProp"    : 0,
        "LockX"       : 0,
        "LockY"       : 0,
        "MirorH"      : 0,
        "type"        : 0,
        "MirorV"      : 0,
        "Rotation"    : 0
      },
      {
        "SizeH"       : 0,
        "SizeW"       : 0,
        "RotationType": 0,
        "Options"     : {
            "Color"   : 0,
            "Width"   : 0,
            "Style"   : 0,
            "angle"   : 0,
            "distance": 0,
            "Open"    : 0,
            "Alpha"   : 0
          },
        "SizeProp"    : 0,
        "LockX"       : 0,
        "LockY"       : 0,
        "MirorH"      : 0,
        "type"        : 0,
        "MirorV"      : 0,
        "Rotation"    : 0
      },
      {
        "SizeH"       : 0,
        "SizeW"       : 0,
        "RotationType": 0,
        "Options"     : {
            "Color"   : 0,
            "Width"   : 0,
            "Style"   : 0,
            "angle"   : 0,
            "distance": 0,
            "Open"    : 0,
            "Alpha"   : 0
          },
        "SizeProp"    : 0,
        "LockX"       : 0,
        "LockY"       : 0,
        "MirorH"      : 0,
        "type"        : 0,
        "MirorV"      : 0,
        "Rotation"    : 0
      },
      {
        "SizeH"       : 0,
        "SizeW"       : 0,
        "RotationType": 0,
        "Options"     : {
            "Color"   : 0,
            "Width"   : 0,
            "Style"   : 0,
            "angle"   : 0,
            "distance": 0,
            "Open"    : 0,
            "Alpha"   : 0
          },
        "SizeProp"    : 0,
        "LockX"       : 0,
        "LockY"       : 0,
        "MirorH"      : 0,
        "type"        : 0,
        "MirorV"      : 0,
        "Rotation"    : 0
      },
      {
        "SizeH"       : 0,
        "SizeW"       : 0,
        "RotationType": 0,
        "Options"     : {
            "Color"   : 0,
            "Width"   : 0,
            "Style"   : 0,
            "angle"   : 0,
            "distance": 0,
            "Open"    : 0,
            "Alpha"   : 0
          },
        "SizeProp"    : 0,
        "LockX"       : 0,
        "LockY"       : 0,
        "MirorH"      : 0,
        "type"        : 0,
        "MirorV"      : 0,
        "Rotation"    : 0
      },
      {
        "SizeH"       : 0,
        "SizeW"       : 0,
        "RotationType": 0,
        "Options"     : {
            "Color"   : 0,
            "Width"   : 0,
            "Style"   : 0,
            "angle"   : 0,
            "distance": 0,
            "Open"    : 0,
            "Alpha"   : 0
          },
        "SizeProp"    : 0,
        "LockX"       : 0,
        "LockY"       : 0,
        "MirorH"      : 0,
        "type"        : 0,
        "MirorV"      : 0,
        "Rotation"    : 0
      },
      {
        "SizeH"       : 0,
        "SizeW"       : 0,
        "RotationType": 0,
        "Options"     : {
            "Color"   : 0,
            "Width"   : 0,
            "Style"   : 0,
            "angle"   : 0,
            "distance": 0,
            "Open"    : 0,
            "Alpha"   : 0
          },
        "SizeProp"    : 0,
        "LockX"       : 0,
        "LockY"       : 0,
        "MirorH"      : 0,
        "type"        : 0,
        "MirorV"      : 0,
        "Rotation"    : 0
      },
      {
        "SizeH"       : 0,
        "SizeW"       : 0,
        "RotationType": 0,
        "Options"     : {
            "Color"   : 0,
            "Width"   : 0,
            "Style"   : 0,
            "angle"   : 0,
            "distance": 0,
            "Open"    : 0,
            "Alpha"   : 0
          },
        "SizeProp"    : 0,
        "LockX"       : 0,
        "LockY"       : 0,
        "MirorH"      : 0,
        "type"        : 0,
        "MirorV"      : 0,
        "Rotation"    : 0
      },
      {
        "SizeH"       : 0,
        "SizeW"       : 0,
        "RotationType": 0,
        "Options"     : {
            "Color"   : 0,
            "Width"   : 0,
            "Style"   : 0,
            "angle"   : 0,
            "distance": 0,
            "Open"    : 0,
            "Alpha"   : 0
          },
        "SizeProp"    : 0,
        "LockX"       : 0,
        "LockY"       : 0,
        "MirorH"      : 0,
        "type"        : 0,
        "MirorV"      : 0,
        "Rotation"    : 0
      },
      {
        "SizeH"       : 0,
        "SizeW"       : 0,
        "RotationType": 0,
        "Options"     : {
            "Color"   : 0,
            "Width"   : 0,
            "Style"   : 0,
            "angle"   : 0,
            "distance": 0,
            "Open"    : 0,
            "Alpha"   : 0
          },
        "SizeProp"    : 0,
        "LockX"       : 0,
        "LockY"       : 0,
        "MirorH"      : 0,
        "type"        : 0,
        "MirorV"      : 0,
        "Rotation"    : 0
      },
      {
        "SizeH"       : 0,
        "SizeW"       : 0,
        "RotationType": 0,
        "Options"     : {
            "Color"   : 0,
            "Width"   : 0,
            "Style"   : 0,
            "angle"   : 0,
            "distance": 0,
            "Open"    : 0,
            "Alpha"   : 0
          },
        "SizeProp"    : 0,
        "LockX"       : 0,
        "LockY"       : 0,
        "MirorH"      : 0,
        "type"        : 0,
        "MirorV"      : 0,
        "Rotation"    : 0
      },
      {
        "SizeH"       : 0,
        "SizeW"       : 0,
        "RotationType": 0,
        "Options"     : {
            "Color"   : 0,
            "Width"   : 0,
            "Style"   : 0,
            "angle"   : 0,
            "distance": 0,
            "Open"    : 0,
            "Alpha"   : 0
          },
        "SizeProp"    : 0,
        "LockX"       : 0,
        "LockY"       : 0,
        "MirorH"      : 0,
        "type"        : 0,
        "MirorV"      : 0,
        "Rotation"    : 0
      },
      {
        "SizeH"       : 0,
        "SizeW"       : 0,
        "RotationType": 0,
        "Options"     : {
            "Color"   : 0,
            "Width"   : 0,
            "Style"   : 0,
            "angle"   : 0,
            "distance": 0,
            "Open"    : 0,
            "Alpha"   : 0
          },
        "SizeProp"    : 0,
        "LockX"       : 0,
        "LockY"       : 0,
        "MirorH"      : 0,
        "type"        : 0,
        "MirorV"      : 0,
        "Rotation"    : 0
      },
      {
        "SizeH"       : 0,
        "SizeW"       : 0,
        "RotationType": 0,
        "Options"     : {
            "Color"   : 0,
            "Width"   : 0,
            "Style"   : 0,
            "angle"   : 0,
            "distance": 0,
            "Open"    : 0,
            "Alpha"   : 0
          },
        "SizeProp"    : 0,
        "LockX"       : 0,
        "LockY"       : 0,
        "MirorH"      : 0,
        "type"        : 0,
        "MirorV"      : 0,
        "Rotation"    : 0
      },
      {
        "SizeH"       : 0,
        "SizeW"       : 0,
        "RotationType": 0,
        "Options"     : {
            "Color"   : 0,
            "Width"   : 0,
            "Style"   : 0,
            "angle"   : 0,
            "distance": 0,
            "Open"    : 0,
            "Alpha"   : 0
          },
        "SizeProp"    : 0,
        "LockX"       : 0,
        "LockY"       : 0,
        "MirorH"      : 0,
        "type"        : 0,
        "MirorV"      : 0,
        "Rotation"    : 0
      },
      {
        "SizeH"       : 0,
        "SizeW"       : 0,
        "RotationType": 0,
        "Options"     : {
            "Color"   : 0,
            "Width"   : 0,
            "Style"   : 0,
            "angle"   : 0,
            "distance": 0,
            "Open"    : 0,
            "Alpha"   : 0
          },
        "SizeProp"    : 0,
        "LockX"       : 0,
        "LockY"       : 0,
        "MirorH"      : 0,
        "type"        : 0,
        "MirorV"      : 0,
        "Rotation"    : 0
      },
      {
        "SizeH"       : 0,
        "SizeW"       : 0,
        "RotationType": 0,
        "Options"     : {
            "Color"   : 0,
            "Width"   : 0,
            "Style"   : 0,
            "angle"   : 0,
            "distance": 0,
            "Open"    : 0,
            "Alpha"   : 0
          },
        "SizeProp"    : 0,
        "LockX"       : 0,
        "LockY"       : 0,
        "MirorH"      : 0,
        "type"        : 0,
        "MirorV"      : 0,
        "Rotation"    : 0
      }
    ],
  "AutosaveTime"             : 1,
  "ToolBarW"                 : 30,
  "GridColor"                : -3618616,
  "BgImg"                    : {
      "Depth"   : 0,
      "Filename": "",
      "Scale"   : 1,
      "ClipOut" : {
          "h": 32,
          "w": 32,
          "x": 0,
          "y": 0
        },
      "h"       : 0,
      "Resize"  : 1,
      "w"       : 0,
      "x"       : 0,
      "y"       : 0,
      "Alpha"   : 0
    },
  "BgColor"                  : -8882056,
  "ShowCameraCache"          : 0,
  "UsethemeColor"            : 1,
  "ShowBGImg"                : 0,
  "GridH"                    : 32,
  "TimeLineColor"            : 0,
  "TimeLineH"                : 80,
  "ShowAncreSelected"        : 0,
  "Snap"                     : 0,
  "ShowBoxselect"            : 0,
  "BankCaseW"                : 50,
  "WinH"                     : 705,
  "SnapX"                    : 32,
  "PathOpen"                 : "data\\shapes\\characters\\alien01.txt",
  "SnapY"                    : 32,
  "ColorGadget"              : 9868950,
  "ShowCameraSafe"           : 0,
  "ShowSelection"            : 1,
  "GridW"                    : 32,
  "ToolBarNbCol"             : 1,
  "AutosaveFileName"         : "",
  "PanelW"                   : 210,
  "ToolBarOptionH"           : 0,
  "BGAlpha"                  : 0,
  "ThemeColor"               : 150,
  "WinW"                     : 1360,
  "Swatch"                   : "data\\presets\\swatch\\Tango.gpl",
  "CenterTransformation"     : 0,
  "BankOutputSize"           : 64,
  "ShowTimeLine"             : 0,
  "ConfirmExit"              : 1,
  "ShowTip"                  : 0
}